{
  "\n": 18,
  "\r": 17,
  " ": 0,
  "#": 68,
  "&": 71,
  "(": 54,
  ")": 55,
  ",": 22,
  "-": 56,
  ".": 25,
  "/": 65,
  "0": 60,
  "1": 57,
  "2": 50,
  "4": 49,
  "5": 63,
  "7": 62,
  "9": 70,
  ":": 39,
  ";": 53,
  "A": 36,
  "B": 38,
  "C": 37,
  "D": 41,
  "E": 27,
  "F": 40,
  "G": 42,
  "H": 44,
  "I": 29,
  "J": 69,
  "K": 67,
  "L": 31,
  "M": 66,
  "N": 33,
  "O": 32,
  "P": 34,
  "R": 35,
  "S": 30,
  "T": 26,
  "U": 43,
  "V": 48,
  "W": 51,
  "Y": 45,
  "Z": 73,
  "[": 61,
  "]": 64,
  "a": 4,
  "b": 24,
  "c": 12,
  "d": 11,
  "e": 1,
  "f": 13,
  "g": 19,
  "h": 9,
  "i": 7,
  "j": 59,
  "k": 28,
  "l": 10,
  "m": 15,
  "n": 5,
  "o": 3,
  "p": 16,
  "q": 72,
  "r": 6,
  "s": 8,
  "t": 2,
  "u": 14,
  "v": 23,
  "w": 21,
  "x": 58,
  "y": 20,
  "\u0153": 75,
  "\u2014": 74,
  "\u2019": 52,
  "\u201c": 46,
  "\u201d": 47
}